"ID","Area","Tarea","Rol_responsable_sugerido","Responsable_nominal","Prioridad","Entrega_relativa_propuesta","Fecha_acordada","Esfuerzo_min_h","Esfuerzo_max_h","Depende_de","Entregable","Criterio_aceptacion","Revisa","Estado","Enlace_entrega","Bloqueo"
"IND-01","Industrial","Asignar responsables y abrir tablero","Jefe de Industrial","","P0","D1","","1","2","","Tablero con responsable nominal y fecha acordada","Todos los P0 tienen dueño y capacidad confirmada","Jefe de Industrial y Dirección","Por asignar","",""
"IND-02","Industrial","Validar presupuesto publicado","Referente de costos","","P0","D4","","2","4","IND-01","Planilla económica y párrafo publicable","Montos y porcentaje concilian; alcance y fecha explícitos","Jefe de Industrial y Dirección","Por asignar","",""
"IND-03","Industrial","Priorizar necesidades para empresas","Referente de compras/proveedores","","P0","D5","","2","3","IND-02; FAB-01","Tabla de 3–5 necesidades priorizadas","Cantidad, costo o a cotizar, urgencia, modalidad y responsable","Jefe de Industrial y Dirección","Por asignar","",""
"IND-04","Industrial","Consolidar ficha y estado del auto","Referente de planificación","","P0","D6","","3","4","DIS-01; QUI-01; FAB-01; CNC-01; ELE-01; ELE-02","Ficha maestra y matriz de estado fechadas","Datos coherentes con fuente y aprobador técnico","Jefe de Industrial y referente técnico","Por asignar","",""
"IND-05","Industrial","Cerrar versión y asignar mantenimiento","Jefe de Industrial","","P0","D15","","1","2","WEB-06","Acta de cierre y mantenimiento","Cero P0 abiertos y diferidos registrados","Dirección y jefe de Industrial","Por asignar","",""
"DIS-01","Diseño","Entregar ficha mecánica","Referente de Diseño","","P0","D3","","2","3","IND-01","Tabla mecánica y dos decisiones de ingeniería","Unidades, versión y validación explícitas","Referente técnico","Por asignar","",""
"DIS-02","Diseño","Seleccionar render vigente","Responsable CAD/render","","P1","D4","","1","2","DIS-01","Tres vistas o ratificación de las actuales","Versión y diferencias con auto físico documentadas","Referente de Diseño","Por asignar","",""
"QUI-01","Química","Documentar materiales y fotos","Referente de Química","","P0","D3","","2","3","IND-01","Ficha de materiales y 2–3 fotos o alternativa documentada","Aplicación real, fecha, estado y evidencia","Referente de Química","Por asignar","",""
"FAB-01","Fabricación","Documentar ensamble, fotos y faltantes","Referente de Fabricación","","P0","D3","","2","4","IND-01","Matriz de ensamble, fotos y faltantes","Fabricado, instalado y probado diferenciados","Referente de Fabricación","Por asignar","",""
"CNC-01","CNC","Documentar piezas mecanizadas","Referente de CNC","","P0","D3","","1","2","IND-01","Tabla pieza–función–material–estado–autoría y fotos","Nombres coherentes con Diseño y capacidades respaldadas","Referente de CNC","Por asignar","",""
"ELE-01","Electrónica","Entregar arquitectura eléctrica","Referente de Electrónica","","P0","D3","","2","4","IND-01","Ficha eléctrica y explicación general","Unidades, origen y estado de integración explícitos","Electrónica y referente técnico","Por asignar","",""
"ELE-02","Electrónica","Validar ensayos realizados","Responsable de integración/ensayos","","P0","D4","","1","2","ELE-01; FAB-01","Registro de pruebas y frase pública","Alcance y evidencia; sin homologaciones atribuidas indebidamente","Referente técnico","Por asignar","",""
"COM-01","Comunicación","Preparar paquete visual","Referente audiovisual","","P0","D5","","3","5","QUI-01; FAB-01; CNC-01","Carpeta visual e índice de fotos","Fecha, descripción, permiso y alternativa para áreas sin fotos","Comunicación y áreas","Por asignar","",""
"COM-02","Comunicación","Redactar historia y tres novedades","Referente de contenidos","","P0","D6","","3","4","DIR-01; IND-04","Cronología y tres noticias","Hechos fechados con evidencia y aprobación de origen","Comunicación y Dirección","Por asignar","",""
"COM-03","Comunicación","Consolidar sponsors y beneficios","Referente de vínculos/sponsors","","P0","D5","","2","3","IND-02","Catálogo de aliados y propuesta breve","Alianzas vigentes y promesas comerciales aprobables","Dirección; Comunicación; Industrial","Por asignar","",""
"COM-04","Comunicación","Preparar brief visual web","Diseño visual de Comunicación y Web","","P0","D6","","2","3","COM-01","Brief y bocetos a 390 y 1440 px","Identidad UTN, mensaje y CTA visibles en primera pantalla","Comunicación; Industrial; Web","Por asignar","",""
"COM-05","Comunicación","Consolidar paquete editorial para aprobación","Editor de Comunicación","","P0","D7","","2","4","IND-04; COM-02; COM-03; DIR-02","Textos por página, FAQ y glosario","Sin contradicciones; listo para aprobación DIR-03","Comunicación y referentes de contenido","Por asignar","",""
"DIR-01","Dirección","Validar identidad e historia","Coordinación general/capitán","","P0","D2","","1","2","IND-01","Ficha institucional fechada","Integrantes, áreas e hitos vigentes con respaldo","Dirección","Por asignar","",""
"DIR-02","Dirección","Definir ingreso, academia, competencia y contacto","Coordinación general","","P0","D3","","2","3","IND-01","Cuatro fichas operativas","Estado actual y referente por cada política","Dirección y referentes específicos","Por asignar","",""
"DIR-03","Dirección","Aprobar corte de contenido","Coordinación general/capitán","","P0","D7","","1","2","IND-02; IND-03; IND-04; COM-03; COM-05","Versión editorial aprobada y excepciones resueltas","Toda afirmación importante tiene aprobación o salida editorial","Dirección","Por asignar","",""
"WEB-01","Web","Resolver contacto y consultas","Responsable web","","P0","D5","","2","3","DIR-02","Recorrido de contacto funcional","Sin obligación de Gmail y ruta de contacto pertinente","Web y receptor de consultas","Por asignar","",""
"WEB-02","Web","Implementar portada y jerarquía","Responsable web","","P0","D9","","4","6","COM-04; DIR-03","Portada y capturas comparables","Mensaje y CTA visibles sin scroll; responsive y foco","Comunicación y jefe de Industrial","Por asignar","",""
"WEB-03","Web","Integrar contenido aprobado","Responsable web","","P0","D11","","10","16","COM-01; COM-05; DIR-03","Vista previa de páginas y landing institucional","Cifras y estado coherentes con paquete aprobado","Áreas y Comunicación","Por asignar","",""
"WEB-04","Web","Implementar novedades y destacados","Responsable web","","P0","D11","","3","6","COM-02; DIR-03","Tres noticias y procedimiento de actualización","Entradas e imágenes visibles y enlaces válidos","Comunicación y Web","Por asignar","",""
"WEB-05","Web","Sincronizar idiomas y metadatos","Responsable web","","P0","D12","","5","8","WEB-02; WEB-03; WEB-04","Versión multilingüe y tabla de URLs/metadatos","Sin claves faltantes; datos y canonical coherentes","Comunicación; revisores de idiomas; Web","Por asignar","",""
"WEB-06","Web","Verificar y entregar versión candidata","Responsable web","","P0","D14","","6","10","WEB-01; WEB-02; WEB-03; WEB-04; WEB-05","Reporte de QA y versión candidata","Build y recorridos críticos correctos; sin bloqueos","Web; Comunicación; jefe de Industrial","Por asignar","",""
